,date,holiday_Name,holiday_Type
0,2017-01-01,weekend,weekend
1,2017-01-02,Republic Day/New Year's Day observed,National holiday
2,2017-01-03,regular,regular
3,2017-01-04,regular,regular
4,2017-01-05,regular,regular
5,2017-01-06,regular,regular
6,2017-01-07,weekend,weekend
7,2017-01-08,weekend,weekend
8,2017-01-09,regular,regular
9,2017-01-10,regular,regular
10,2017-01-11,regular,regular
11,2017-01-12,regular,regular
12,2017-01-13,regular,regular
13,2017-01-14,weekend,weekend
14,2017-01-15,weekend,weekend
15,2017-01-16,regular,regular
16,2017-01-17,regular,regular
17,2017-01-18,regular,regular
18,2017-01-19,regular,regular
19,2017-01-20,regular,regular
20,2017-01-21,weekend,weekend
21,2017-01-22,weekend,weekend
22,2017-01-23,regular,regular
23,2017-01-24,regular,regular
24,2017-01-25,regular,regular
25,2017-01-26,regular,regular
26,2017-01-27,Chinese New Year's Eve,National holiday
27,2017-01-28,weekend,weekend
28,2017-01-29,weekend,weekend
29,2017-01-30,Chinese New Year Holiday,National holiday
30,2017-01-31,Chinese New Year Holiday,National holiday
31,2017-02-01,Chinese New Year Holiday,National holiday
32,2017-02-02,regular,regular
33,2017-02-03,regular,regular
34,2017-02-04,weekend,weekend
35,2017-02-05,weekend,weekend
36,2017-02-06,regular,regular
37,2017-02-07,regular,regular
38,2017-02-08,regular,regular
39,2017-02-09,regular,regular
40,2017-02-10,regular,regular
41,2017-02-11,weekend,weekend
42,2017-02-12,weekend,weekend
43,2017-02-13,regular,regular
44,2017-02-14,regular,regular
45,2017-02-15,regular,regular
46,2017-02-16,regular,regular
47,2017-02-17,regular,regular
48,2017-02-18,weekend,weekend
49,2017-02-19,weekend,weekend
50,2017-02-20,regular,regular
51,2017-02-21,regular,regular
52,2017-02-22,regular,regular
53,2017-02-23,regular,regular
54,2017-02-24,regular,regular
55,2017-02-25,weekend,weekend
56,2017-02-26,weekend,weekend
57,2017-02-27,regular,regular
58,2017-02-28,Peace Memorial Day,National holiday
59,2017-03-01,regular,regular
60,2017-03-02,regular,regular
61,2017-03-03,regular,regular
62,2017-03-04,weekend,weekend
63,2017-03-05,weekend,weekend
64,2017-03-06,regular,regular
65,2017-03-07,regular,regular
66,2017-03-08,regular,regular
67,2017-03-09,regular,regular
68,2017-03-10,regular,regular
69,2017-03-11,weekend,weekend
70,2017-03-12,weekend,weekend
71,2017-03-13,regular,regular
72,2017-03-14,regular,regular
73,2017-03-15,regular,regular
74,2017-03-16,regular,regular
75,2017-03-17,regular,regular
76,2017-03-18,weekend,weekend
77,2017-03-19,weekend,weekend
78,2017-03-20,regular,regular
79,2017-03-21,regular,regular
80,2017-03-22,regular,regular
81,2017-03-23,regular,regular
82,2017-03-24,regular,regular
83,2017-03-25,weekend,weekend
84,2017-03-26,weekend,weekend
85,2017-03-27,regular,regular
86,2017-03-28,regular,regular
87,2017-03-29,regular,regular
88,2017-03-30,regular,regular
89,2017-03-31,regular,regular
90,2017-04-01,weekend,weekend
91,2017-04-02,weekend,weekend
92,2017-04-03,Children's Day,National holiday
93,2017-04-04,regular,regular
94,2017-04-05,Tomb Sweeping Day,National holiday
95,2017-04-06,regular,regular
96,2017-04-07,regular,regular
97,2017-04-08,weekend,weekend
98,2017-04-09,weekend,weekend
99,2017-04-10,regular,regular
100,2017-04-11,regular,regular
101,2017-04-12,regular,regular
102,2017-04-13,regular,regular
103,2017-04-14,regular,regular
104,2017-04-15,weekend,weekend
105,2017-04-16,weekend,weekend
106,2017-04-17,regular,regular
107,2017-04-18,regular,regular
108,2017-04-19,regular,regular
109,2017-04-20,regular,regular
110,2017-04-21,regular,regular
111,2017-04-22,weekend,weekend
112,2017-04-23,weekend,weekend
113,2017-04-24,regular,regular
114,2017-04-25,regular,regular
115,2017-04-26,regular,regular
116,2017-04-27,regular,regular
117,2017-04-28,regular,regular
118,2017-04-29,weekend,weekend
119,2017-04-30,weekend,weekend
120,2017-05-01,regular,regular
121,2017-05-02,regular,regular
122,2017-05-03,regular,regular
123,2017-05-04,regular,regular
124,2017-05-05,regular,regular
125,2017-05-06,weekend,weekend
126,2017-05-07,weekend,weekend
127,2017-05-08,regular,regular
128,2017-05-09,regular,regular
129,2017-05-10,regular,regular
130,2017-05-11,regular,regular
131,2017-05-12,regular,regular
132,2017-05-13,weekend,weekend
133,2017-05-14,weekend,weekend
134,2017-05-15,regular,regular
135,2017-05-16,regular,regular
136,2017-05-17,regular,regular
137,2017-05-18,regular,regular
138,2017-05-19,regular,regular
139,2017-05-20,weekend,weekend
140,2017-05-21,weekend,weekend
141,2017-05-22,regular,regular
142,2017-05-23,regular,regular
143,2017-05-24,regular,regular
144,2017-05-25,regular,regular
145,2017-05-26,regular,regular
146,2017-05-27,weekend,weekend
147,2017-05-28,weekend,weekend
148,2017-05-29,regular,regular
149,2017-05-30,Dragon Boat Festival,National holiday
150,2017-05-31,regular,regular
151,2017-06-01,regular,regular
152,2017-06-02,regular,regular
153,2017-06-03,weekend,weekend
154,2017-06-04,weekend,weekend
155,2017-06-05,regular,regular
156,2017-06-06,regular,regular
157,2017-06-07,regular,regular
158,2017-06-08,regular,regular
159,2017-06-09,regular,regular
160,2017-06-10,weekend,weekend
161,2017-06-11,weekend,weekend
162,2017-06-12,regular,regular
163,2017-06-13,regular,regular
164,2017-06-14,regular,regular
165,2017-06-15,regular,regular
166,2017-06-16,regular,regular
167,2017-06-17,weekend,weekend
168,2017-06-18,weekend,weekend
169,2017-06-19,regular,regular
170,2017-06-20,regular,regular
171,2017-06-21,regular,regular
172,2017-06-22,regular,regular
173,2017-06-23,regular,regular
174,2017-06-24,weekend,weekend
175,2017-06-25,weekend,weekend
176,2017-06-26,regular,regular
177,2017-06-27,regular,regular
178,2017-06-28,regular,regular
179,2017-06-29,regular,regular
180,2017-06-30,regular,regular
181,2017-07-01,weekend,weekend
182,2017-07-02,weekend,weekend
183,2017-07-03,regular,regular
184,2017-07-04,regular,regular
185,2017-07-05,regular,regular
186,2017-07-06,regular,regular
187,2017-07-07,regular,regular
188,2017-07-08,weekend,weekend
189,2017-07-09,weekend,weekend
190,2017-07-10,regular,regular
191,2017-07-11,regular,regular
192,2017-07-12,regular,regular
193,2017-07-13,regular,regular
194,2017-07-14,regular,regular
195,2017-07-15,weekend,weekend
196,2017-07-16,weekend,weekend
197,2017-07-17,regular,regular
198,2017-07-18,regular,regular
199,2017-07-19,regular,regular
200,2017-07-20,regular,regular
201,2017-07-21,regular,regular
202,2017-07-22,weekend,weekend
203,2017-07-23,weekend,weekend
204,2017-07-24,regular,regular
205,2017-07-25,regular,regular
206,2017-07-26,regular,regular
207,2017-07-27,regular,regular
208,2017-07-28,regular,regular
209,2017-07-29,weekend,weekend
210,2017-07-30,weekend,weekend
211,2017-07-31,regular,regular
212,2017-08-01,regular,regular
213,2017-08-02,regular,regular
214,2017-08-03,regular,regular
215,2017-08-04,regular,regular
216,2017-08-05,weekend,weekend
217,2017-08-06,weekend,weekend
218,2017-08-07,regular,regular
219,2017-08-08,regular,regular
220,2017-08-09,regular,regular
221,2017-08-10,regular,regular
222,2017-08-11,regular,regular
223,2017-08-12,weekend,weekend
224,2017-08-13,weekend,weekend
225,2017-08-14,regular,regular
226,2017-08-15,regular,regular
227,2017-08-16,regular,regular
228,2017-08-17,regular,regular
229,2017-08-18,regular,regular
230,2017-08-19,weekend,weekend
231,2017-08-20,weekend,weekend
232,2017-08-21,regular,regular
233,2017-08-22,regular,regular
234,2017-08-23,regular,regular
235,2017-08-24,regular,regular
236,2017-08-25,regular,regular
237,2017-08-26,weekend,weekend
238,2017-08-27,weekend,weekend
239,2017-08-28,regular,regular
240,2017-08-29,regular,regular
241,2017-08-30,regular,regular
242,2017-08-31,regular,regular
243,2017-09-01,regular,regular
244,2017-09-02,weekend,weekend
245,2017-09-03,weekend,weekend
246,2017-09-04,regular,regular
247,2017-09-05,regular,regular
248,2017-09-06,regular,regular
249,2017-09-07,regular,regular
250,2017-09-08,regular,regular
251,2017-09-09,weekend,weekend
252,2017-09-10,weekend,weekend
253,2017-09-11,regular,regular
254,2017-09-12,regular,regular
255,2017-09-13,regular,regular
256,2017-09-14,regular,regular
257,2017-09-15,regular,regular
258,2017-09-16,weekend,weekend
259,2017-09-17,weekend,weekend
260,2017-09-18,regular,regular
261,2017-09-19,regular,regular
262,2017-09-20,regular,regular
263,2017-09-21,regular,regular
264,2017-09-22,regular,regular
265,2017-09-23,weekend,weekend
266,2017-09-24,weekend,weekend
267,2017-09-25,regular,regular
268,2017-09-26,regular,regular
269,2017-09-27,regular,regular
270,2017-09-28,regular,regular
271,2017-09-29,regular,regular
272,2017-09-30,weekend,weekend
273,2017-10-01,weekend,weekend
274,2017-10-02,regular,regular
275,2017-10-03,regular,regular
276,2017-10-04,Mid-Autumn Festival,National holiday
277,2017-10-05,regular,regular
278,2017-10-06,regular,regular
279,2017-10-07,weekend,weekend
280,2017-10-08,weekend,weekend
281,2017-10-09,regular,regular
282,2017-10-10,National Day,National holiday
283,2017-10-11,regular,regular
284,2017-10-12,regular,regular
285,2017-10-13,regular,regular
286,2017-10-14,weekend,weekend
287,2017-10-15,weekend,weekend
288,2017-10-16,regular,regular
289,2017-10-17,regular,regular
290,2017-10-18,regular,regular
291,2017-10-19,regular,regular
292,2017-10-20,regular,regular
293,2017-10-21,weekend,weekend
294,2017-10-22,weekend,weekend
295,2017-10-23,regular,regular
296,2017-10-24,regular,regular
297,2017-10-25,regular,regular
298,2017-10-26,regular,regular
299,2017-10-27,regular,regular
300,2017-10-28,weekend,weekend
301,2017-10-29,weekend,weekend
302,2017-10-30,regular,regular
303,2017-10-31,regular,regular
304,2017-11-01,regular,regular
305,2017-11-02,regular,regular
306,2017-11-03,regular,regular
307,2017-11-04,weekend,weekend
308,2017-11-05,weekend,weekend
309,2017-11-06,regular,regular
310,2017-11-07,regular,regular
311,2017-11-08,regular,regular
312,2017-11-09,regular,regular
313,2017-11-10,regular,regular
314,2017-11-11,weekend,weekend
315,2017-11-12,weekend,weekend
316,2017-11-13,regular,regular
317,2017-11-14,regular,regular
318,2017-11-15,regular,regular
319,2017-11-16,regular,regular
320,2017-11-17,regular,regular
321,2017-11-18,weekend,weekend
322,2017-11-19,weekend,weekend
323,2017-11-20,regular,regular
324,2017-11-21,regular,regular
325,2017-11-22,regular,regular
326,2017-11-23,regular,regular
327,2017-11-24,regular,regular
328,2017-11-25,weekend,weekend
329,2017-11-26,weekend,weekend
330,2017-11-27,regular,regular
331,2017-11-28,regular,regular
332,2017-11-29,regular,regular
333,2017-11-30,regular,regular
334,2017-12-01,regular,regular
335,2017-12-02,weekend,weekend
336,2017-12-03,weekend,weekend
337,2017-12-04,regular,regular
338,2017-12-05,regular,regular
339,2017-12-06,regular,regular
340,2017-12-07,regular,regular
341,2017-12-08,regular,regular
342,2017-12-09,weekend,weekend
343,2017-12-10,weekend,weekend
344,2017-12-11,regular,regular
345,2017-12-12,regular,regular
346,2017-12-13,regular,regular
347,2017-12-14,regular,regular
348,2017-12-15,regular,regular
349,2017-12-16,weekend,weekend
350,2017-12-17,weekend,weekend
351,2017-12-18,regular,regular
352,2017-12-19,regular,regular
353,2017-12-20,regular,regular
354,2017-12-21,regular,regular
355,2017-12-22,regular,regular
356,2017-12-23,weekend,weekend
357,2017-12-24,weekend,weekend
358,2017-12-25,regular,regular
359,2017-12-26,regular,regular
360,2017-12-27,regular,regular
361,2017-12-28,regular,regular
362,2017-12-29,regular,regular
363,2017-12-30,weekend,weekend
364,2017-12-31,weekend,weekend
365,2018-01-01,Republic Day/New Year's Day,National holiday
366,2018-01-02,regular,regular
367,2018-01-03,regular,regular
368,2018-01-04,regular,regular
369,2018-01-05,regular,regular
370,2018-01-06,weekend,weekend
371,2018-01-07,weekend,weekend
372,2018-01-08,regular,regular
373,2018-01-09,regular,regular
374,2018-01-10,regular,regular
375,2018-01-11,regular,regular
376,2018-01-12,regular,regular
377,2018-01-13,weekend,weekend
378,2018-01-14,weekend,weekend
379,2018-01-15,regular,regular
380,2018-01-16,regular,regular
381,2018-01-17,regular,regular
382,2018-01-18,regular,regular
383,2018-01-19,regular,regular
384,2018-01-20,weekend,weekend
385,2018-01-21,weekend,weekend
386,2018-01-22,regular,regular
387,2018-01-23,regular,regular
388,2018-01-24,regular,regular
389,2018-01-25,regular,regular
390,2018-01-26,regular,regular
391,2018-01-27,weekend,weekend
392,2018-01-28,weekend,weekend
393,2018-01-29,regular,regular
394,2018-01-30,regular,regular
395,2018-01-31,regular,regular
396,2018-02-01,regular,regular
397,2018-02-02,regular,regular
398,2018-02-03,weekend,weekend
399,2018-02-04,weekend,weekend
400,2018-02-05,regular,regular
401,2018-02-06,regular,regular
402,2018-02-07,regular,regular
403,2018-02-08,regular,regular
404,2018-02-09,regular,regular
405,2018-02-10,weekend,weekend
406,2018-02-11,weekend,weekend
407,2018-02-12,regular,regular
408,2018-02-13,regular,regular
409,2018-02-14,regular,regular
410,2018-02-15,Chinese New Year's Eve,National holiday
411,2018-02-16,Chinese New Year's Day,National holiday
412,2018-02-17,weekend,weekend
413,2018-02-18,weekend,weekend
414,2018-02-19,Chinese New Year Holiday,National holiday
415,2018-02-20,Chinese New Year Holiday,National holiday
416,2018-02-21,regular,regular
417,2018-02-22,regular,regular
418,2018-02-23,regular,regular
419,2018-02-24,weekend,weekend
420,2018-02-25,weekend,weekend
421,2018-02-26,regular,regular
422,2018-02-27,regular,regular
423,2018-02-28,Peace Memorial Day,National holiday
424,2018-03-01,regular,regular
425,2018-03-02,regular,regular
426,2018-03-03,weekend,weekend
427,2018-03-04,weekend,weekend
428,2018-03-05,regular,regular
429,2018-03-06,regular,regular
430,2018-03-07,regular,regular
431,2018-03-08,regular,regular
432,2018-03-09,regular,regular
433,2018-03-10,weekend,weekend
434,2018-03-11,weekend,weekend
435,2018-03-12,regular,regular
436,2018-03-13,regular,regular
437,2018-03-14,regular,regular
438,2018-03-15,regular,regular
439,2018-03-16,regular,regular
440,2018-03-17,weekend,weekend
441,2018-03-18,weekend,weekend
442,2018-03-19,regular,regular
443,2018-03-20,regular,regular
444,2018-03-21,regular,regular
445,2018-03-22,regular,regular
446,2018-03-23,regular,regular
447,2018-03-24,weekend,weekend
448,2018-03-25,weekend,weekend
449,2018-03-26,regular,regular
450,2018-03-27,regular,regular
451,2018-03-28,regular,regular
452,2018-03-29,regular,regular
453,2018-03-30,regular,regular
454,2018-03-31,weekend,weekend
455,2018-04-01,weekend,weekend
456,2018-04-02,regular,regular
457,2018-04-03,regular,regular
458,2018-04-04,Children's Day,National holiday
459,2018-04-05,Tomb Sweeping Day,National holiday
460,2018-04-06,regular,regular
461,2018-04-07,weekend,weekend
462,2018-04-08,weekend,weekend
463,2018-04-09,regular,regular
464,2018-04-10,regular,regular
465,2018-04-11,regular,regular
466,2018-04-12,regular,regular
467,2018-04-13,regular,regular
468,2018-04-14,weekend,weekend
469,2018-04-15,weekend,weekend
470,2018-04-16,regular,regular
471,2018-04-17,regular,regular
472,2018-04-18,regular,regular
473,2018-04-19,regular,regular
474,2018-04-20,regular,regular
475,2018-04-21,weekend,weekend
476,2018-04-22,weekend,weekend
477,2018-04-23,regular,regular
478,2018-04-24,regular,regular
479,2018-04-25,regular,regular
480,2018-04-26,regular,regular
481,2018-04-27,regular,regular
482,2018-04-28,weekend,weekend
483,2018-04-29,weekend,weekend
484,2018-04-30,regular,regular
485,2018-05-01,regular,regular
486,2018-05-02,regular,regular
487,2018-05-03,regular,regular
488,2018-05-04,regular,regular
489,2018-05-05,weekend,weekend
490,2018-05-06,weekend,weekend
491,2018-05-07,regular,regular
492,2018-05-08,regular,regular
493,2018-05-09,regular,regular
494,2018-05-10,regular,regular
495,2018-05-11,regular,regular
496,2018-05-12,weekend,weekend
497,2018-05-13,weekend,weekend
498,2018-05-14,regular,regular
499,2018-05-15,regular,regular
500,2018-05-16,regular,regular
501,2018-05-17,regular,regular
502,2018-05-18,regular,regular
503,2018-05-19,weekend,weekend
504,2018-05-20,weekend,weekend
505,2018-05-21,regular,regular
506,2018-05-22,regular,regular
507,2018-05-23,regular,regular
508,2018-05-24,regular,regular
509,2018-05-25,regular,regular
510,2018-05-26,weekend,weekend
511,2018-05-27,weekend,weekend
512,2018-05-28,regular,regular
513,2018-05-29,regular,regular
514,2018-05-30,regular,regular
515,2018-05-31,regular,regular
516,2018-06-01,regular,regular
517,2018-06-02,weekend,weekend
518,2018-06-03,weekend,weekend
519,2018-06-04,regular,regular
520,2018-06-05,regular,regular
521,2018-06-06,regular,regular
522,2018-06-07,regular,regular
523,2018-06-08,regular,regular
524,2018-06-09,weekend,weekend
525,2018-06-10,weekend,weekend
526,2018-06-11,regular,regular
527,2018-06-12,regular,regular
528,2018-06-13,regular,regular
529,2018-06-14,regular,regular
530,2018-06-15,regular,regular
531,2018-06-16,weekend,weekend
532,2018-06-17,weekend,weekend
533,2018-06-18,Dragon Boat Festival,National holiday
534,2018-06-19,regular,regular
535,2018-06-20,regular,regular
536,2018-06-21,regular,regular
537,2018-06-22,regular,regular
538,2018-06-23,weekend,weekend
539,2018-06-24,weekend,weekend
540,2018-06-25,regular,regular
541,2018-06-26,regular,regular
542,2018-06-27,regular,regular
543,2018-06-28,regular,regular
544,2018-06-29,regular,regular
545,2018-06-30,weekend,weekend
546,2018-07-01,weekend,weekend
547,2018-07-02,regular,regular
548,2018-07-03,regular,regular
549,2018-07-04,regular,regular
550,2018-07-05,regular,regular
551,2018-07-06,regular,regular
552,2018-07-07,weekend,weekend
553,2018-07-08,weekend,weekend
554,2018-07-09,regular,regular
555,2018-07-10,regular,regular
556,2018-07-11,regular,regular
557,2018-07-12,regular,regular
558,2018-07-13,regular,regular
559,2018-07-14,weekend,weekend
560,2018-07-15,weekend,weekend
561,2018-07-16,regular,regular
562,2018-07-17,regular,regular
563,2018-07-18,regular,regular
564,2018-07-19,regular,regular
565,2018-07-20,regular,regular
566,2018-07-21,weekend,weekend
567,2018-07-22,weekend,weekend
568,2018-07-23,regular,regular
569,2018-07-24,regular,regular
570,2018-07-25,regular,regular
571,2018-07-26,regular,regular
572,2018-07-27,regular,regular
573,2018-07-28,weekend,weekend
574,2018-07-29,weekend,weekend
575,2018-07-30,regular,regular
576,2018-07-31,regular,regular
577,2018-08-01,regular,regular
578,2018-08-02,regular,regular
579,2018-08-03,regular,regular
580,2018-08-04,weekend,weekend
581,2018-08-05,weekend,weekend
582,2018-08-06,regular,regular
583,2018-08-07,regular,regular
584,2018-08-08,regular,regular
585,2018-08-09,regular,regular
586,2018-08-10,regular,regular
587,2018-08-11,weekend,weekend
588,2018-08-12,weekend,weekend
589,2018-08-13,regular,regular
590,2018-08-14,regular,regular
591,2018-08-15,regular,regular
592,2018-08-16,regular,regular
593,2018-08-17,regular,regular
594,2018-08-18,weekend,weekend
595,2018-08-19,weekend,weekend
596,2018-08-20,regular,regular
597,2018-08-21,regular,regular
598,2018-08-22,regular,regular
599,2018-08-23,regular,regular
600,2018-08-24,regular,regular
601,2018-08-25,weekend,weekend
602,2018-08-26,weekend,weekend
603,2018-08-27,regular,regular
604,2018-08-28,regular,regular
605,2018-08-29,regular,regular
606,2018-08-30,regular,regular
607,2018-08-31,regular,regular
608,2018-09-01,weekend,weekend
609,2018-09-02,weekend,weekend
610,2018-09-03,regular,regular
611,2018-09-04,regular,regular
612,2018-09-05,regular,regular
613,2018-09-06,regular,regular
614,2018-09-07,regular,regular
615,2018-09-08,weekend,weekend
616,2018-09-09,weekend,weekend
617,2018-09-10,regular,regular
618,2018-09-11,regular,regular
619,2018-09-12,regular,regular
620,2018-09-13,regular,regular
621,2018-09-14,regular,regular
622,2018-09-15,weekend,weekend
623,2018-09-16,weekend,weekend
624,2018-09-17,regular,regular
625,2018-09-18,regular,regular
626,2018-09-19,regular,regular
627,2018-09-20,regular,regular
628,2018-09-21,regular,regular
629,2018-09-22,weekend,weekend
630,2018-09-23,weekend,weekend
631,2018-09-24,Mid-Autumn Festival,National holiday
632,2018-09-25,regular,regular
633,2018-09-26,regular,regular
634,2018-09-27,regular,regular
635,2018-09-28,regular,regular
636,2018-09-29,weekend,weekend
637,2018-09-30,weekend,weekend
638,2018-10-01,regular,regular
639,2018-10-02,regular,regular
640,2018-10-03,regular,regular
641,2018-10-04,regular,regular
642,2018-10-05,regular,regular
643,2018-10-06,weekend,weekend
644,2018-10-07,weekend,weekend
645,2018-10-08,regular,regular
646,2018-10-09,regular,regular
647,2018-10-10,National Day,National holiday
648,2018-10-11,regular,regular
649,2018-10-12,regular,regular
650,2018-10-13,weekend,weekend
651,2018-10-14,weekend,weekend
652,2018-10-15,regular,regular
653,2018-10-16,regular,regular
654,2018-10-17,regular,regular
655,2018-10-18,regular,regular
656,2018-10-19,regular,regular
657,2018-10-20,weekend,weekend
658,2018-10-21,weekend,weekend
659,2018-10-22,regular,regular
660,2018-10-23,regular,regular
661,2018-10-24,regular,regular
662,2018-10-25,regular,regular
663,2018-10-26,regular,regular
664,2018-10-27,weekend,weekend
665,2018-10-28,weekend,weekend
666,2018-10-29,regular,regular
667,2018-10-30,regular,regular
668,2018-10-31,regular,regular
669,2018-11-01,regular,regular
670,2018-11-02,regular,regular
671,2018-11-03,weekend,weekend
672,2018-11-04,weekend,weekend
673,2018-11-05,regular,regular
674,2018-11-06,regular,regular
675,2018-11-07,regular,regular
676,2018-11-08,regular,regular
677,2018-11-09,regular,regular
678,2018-11-10,weekend,weekend
679,2018-11-11,weekend,weekend
680,2018-11-12,regular,regular
681,2018-11-13,regular,regular
682,2018-11-14,regular,regular
683,2018-11-15,regular,regular
684,2018-11-16,regular,regular
685,2018-11-17,weekend,weekend
686,2018-11-18,weekend,weekend
687,2018-11-19,regular,regular
688,2018-11-20,regular,regular
689,2018-11-21,regular,regular
690,2018-11-22,regular,regular
691,2018-11-23,regular,regular
692,2018-11-24,weekend,weekend
693,2018-11-25,weekend,weekend
694,2018-11-26,regular,regular
695,2018-11-27,regular,regular
696,2018-11-28,regular,regular
697,2018-11-29,regular,regular
698,2018-11-30,regular,regular
699,2018-12-01,weekend,weekend
700,2018-12-02,weekend,weekend
701,2018-12-03,regular,regular
702,2018-12-04,regular,regular
703,2018-12-05,regular,regular
704,2018-12-06,regular,regular
705,2018-12-07,regular,regular
706,2018-12-08,weekend,weekend
707,2018-12-09,weekend,weekend
708,2018-12-10,regular,regular
709,2018-12-11,regular,regular
710,2018-12-12,regular,regular
711,2018-12-13,regular,regular
712,2018-12-14,regular,regular
713,2018-12-15,weekend,weekend
714,2018-12-16,weekend,weekend
715,2018-12-17,regular,regular
716,2018-12-18,regular,regular
717,2018-12-19,regular,regular
718,2018-12-20,regular,regular
719,2018-12-21,regular,regular
720,2018-12-22,weekend,weekend
721,2018-12-23,weekend,weekend
722,2018-12-24,regular,regular
723,2018-12-25,regular,regular
724,2018-12-26,regular,regular
725,2018-12-27,regular,regular
726,2018-12-28,regular,regular
727,2018-12-29,weekend,weekend
728,2018-12-30,weekend,weekend
729,2018-12-31,regular,regular
730,2019-01-01,Republic Day/New Year's Day,National holiday
731,2019-01-02,regular,regular
732,2019-01-03,regular,regular
733,2019-01-04,regular,regular
734,2019-01-05,weekend,weekend
735,2019-01-06,weekend,weekend
736,2019-01-07,regular,regular
737,2019-01-08,regular,regular
738,2019-01-09,regular,regular
739,2019-01-10,regular,regular
740,2019-01-11,regular,regular
741,2019-01-12,weekend,weekend
742,2019-01-13,weekend,weekend
743,2019-01-14,regular,regular
744,2019-01-15,regular,regular
745,2019-01-16,regular,regular
746,2019-01-17,regular,regular
747,2019-01-18,regular,regular
748,2019-01-19,weekend,weekend
749,2019-01-20,weekend,weekend
750,2019-01-21,regular,regular
751,2019-01-22,regular,regular
752,2019-01-23,regular,regular
753,2019-01-24,regular,regular
754,2019-01-25,regular,regular
755,2019-01-26,weekend,weekend
756,2019-01-27,weekend,weekend
757,2019-01-28,regular,regular
758,2019-01-29,regular,regular
759,2019-01-30,regular,regular
760,2019-01-31,regular,regular
761,2019-02-01,regular,regular
762,2019-02-02,weekend,weekend
763,2019-02-03,weekend,weekend
764,2019-02-04,Chinese New Year's Eve,National holiday
765,2019-02-05,Chinese New Year's Day,National holiday
766,2019-02-06,Chinese New Year Holiday,National holiday
767,2019-02-07,Chinese New Year Holiday,National holiday
768,2019-02-08,Chinese New Year Holiday,National holiday
769,2019-02-09,weekend,weekend
770,2019-02-10,weekend,weekend
771,2019-02-11,regular,regular
772,2019-02-12,regular,regular
773,2019-02-13,regular,regular
774,2019-02-14,regular,regular
775,2019-02-15,regular,regular
776,2019-02-16,weekend,weekend
777,2019-02-17,weekend,weekend
778,2019-02-18,regular,regular
779,2019-02-19,regular,regular
780,2019-02-20,regular,regular
781,2019-02-21,regular,regular
782,2019-02-22,regular,regular
783,2019-02-23,weekend,weekend
784,2019-02-24,weekend,weekend
785,2019-02-25,regular,regular
786,2019-02-26,regular,regular
787,2019-02-27,regular,regular
788,2019-02-28,Peace Memorial Day,National holiday
789,2019-03-01,regular,regular
790,2019-03-02,weekend,weekend
791,2019-03-03,weekend,weekend
792,2019-03-04,regular,regular
793,2019-03-05,regular,regular
794,2019-03-06,regular,regular
795,2019-03-07,regular,regular
796,2019-03-08,regular,regular
797,2019-03-09,weekend,weekend
798,2019-03-10,weekend,weekend
799,2019-03-11,regular,regular
800,2019-03-12,regular,regular
801,2019-03-13,regular,regular
802,2019-03-14,regular,regular
803,2019-03-15,regular,regular
804,2019-03-16,weekend,weekend
805,2019-03-17,weekend,weekend
806,2019-03-18,regular,regular
807,2019-03-19,regular,regular
808,2019-03-20,regular,regular
809,2019-03-21,regular,regular
810,2019-03-22,regular,regular
811,2019-03-23,weekend,weekend
812,2019-03-24,weekend,weekend
813,2019-03-25,regular,regular
814,2019-03-26,regular,regular
815,2019-03-27,regular,regular
816,2019-03-28,regular,regular
817,2019-03-29,regular,regular
818,2019-03-30,weekend,weekend
819,2019-03-31,weekend,weekend
820,2019-04-01,regular,regular
821,2019-04-02,regular,regular
822,2019-04-03,regular,regular
823,2019-04-04,Children's Day,National holiday
824,2019-04-05,Tomb Sweeping Day,National holiday
825,2019-04-06,weekend,weekend
826,2019-04-07,weekend,weekend
827,2019-04-08,regular,regular
828,2019-04-09,regular,regular
829,2019-04-10,regular,regular
830,2019-04-11,regular,regular
831,2019-04-12,regular,regular
832,2019-04-13,weekend,weekend
833,2019-04-14,weekend,weekend
834,2019-04-15,regular,regular
835,2019-04-16,regular,regular
836,2019-04-17,regular,regular
837,2019-04-18,regular,regular
838,2019-04-19,regular,regular
839,2019-04-20,weekend,weekend
840,2019-04-21,weekend,weekend
841,2019-04-22,regular,regular
842,2019-04-23,regular,regular
843,2019-04-24,regular,regular
844,2019-04-25,regular,regular
845,2019-04-26,regular,regular
846,2019-04-27,weekend,weekend
847,2019-04-28,weekend,weekend
848,2019-04-29,regular,regular
849,2019-04-30,regular,regular
850,2019-05-01,regular,regular
851,2019-05-02,regular,regular
852,2019-05-03,regular,regular
853,2019-05-04,weekend,weekend
854,2019-05-05,weekend,weekend
855,2019-05-06,regular,regular
856,2019-05-07,regular,regular
857,2019-05-08,regular,regular
858,2019-05-09,regular,regular
859,2019-05-10,regular,regular
860,2019-05-11,weekend,weekend
861,2019-05-12,weekend,weekend
862,2019-05-13,regular,regular
863,2019-05-14,regular,regular
864,2019-05-15,regular,regular
865,2019-05-16,regular,regular
866,2019-05-17,regular,regular
867,2019-05-18,weekend,weekend
868,2019-05-19,weekend,weekend
869,2019-05-20,regular,regular
870,2019-05-21,regular,regular
871,2019-05-22,regular,regular
872,2019-05-23,regular,regular
873,2019-05-24,regular,regular
874,2019-05-25,weekend,weekend
875,2019-05-26,weekend,weekend
876,2019-05-27,regular,regular
877,2019-05-28,regular,regular
878,2019-05-29,regular,regular
879,2019-05-30,regular,regular
880,2019-05-31,regular,regular
881,2019-06-01,weekend,weekend
882,2019-06-02,weekend,weekend
883,2019-06-03,regular,regular
884,2019-06-04,regular,regular
885,2019-06-05,regular,regular
886,2019-06-06,regular,regular
887,2019-06-07,Dragon Boat Festival,National holiday
888,2019-06-08,weekend,weekend
889,2019-06-09,weekend,weekend
890,2019-06-10,regular,regular
891,2019-06-11,regular,regular
892,2019-06-12,regular,regular
893,2019-06-13,regular,regular
894,2019-06-14,regular,regular
895,2019-06-15,weekend,weekend
896,2019-06-16,weekend,weekend
897,2019-06-17,regular,regular
898,2019-06-18,regular,regular
899,2019-06-19,regular,regular
900,2019-06-20,regular,regular
901,2019-06-21,regular,regular
902,2019-06-22,weekend,weekend
903,2019-06-23,weekend,weekend
904,2019-06-24,regular,regular
905,2019-06-25,regular,regular
906,2019-06-26,regular,regular
907,2019-06-27,regular,regular
908,2019-06-28,regular,regular
909,2019-06-29,weekend,weekend
910,2019-06-30,weekend,weekend
911,2019-07-01,regular,regular
912,2019-07-02,regular,regular
913,2019-07-03,regular,regular
914,2019-07-04,regular,regular
915,2019-07-05,regular,regular
916,2019-07-06,weekend,weekend
917,2019-07-07,weekend,weekend
918,2019-07-08,regular,regular
919,2019-07-09,regular,regular
920,2019-07-10,regular,regular
921,2019-07-11,regular,regular
922,2019-07-12,regular,regular
923,2019-07-13,weekend,weekend
924,2019-07-14,weekend,weekend
925,2019-07-15,regular,regular
926,2019-07-16,regular,regular
927,2019-07-17,regular,regular
928,2019-07-18,regular,regular
929,2019-07-19,regular,regular
930,2019-07-20,weekend,weekend
931,2019-07-21,weekend,weekend
932,2019-07-22,regular,regular
933,2019-07-23,regular,regular
934,2019-07-24,regular,regular
935,2019-07-25,regular,regular
936,2019-07-26,regular,regular
937,2019-07-27,weekend,weekend
938,2019-07-28,weekend,weekend
939,2019-07-29,regular,regular
940,2019-07-30,regular,regular
941,2019-07-31,regular,regular
942,2019-08-01,regular,regular
943,2019-08-02,regular,regular
944,2019-08-03,weekend,weekend
945,2019-08-04,weekend,weekend
946,2019-08-05,regular,regular
947,2019-08-06,regular,regular
948,2019-08-07,regular,regular
949,2019-08-08,regular,regular
950,2019-08-09,regular,regular
951,2019-08-10,weekend,weekend
952,2019-08-11,weekend,weekend
953,2019-08-12,regular,regular
954,2019-08-13,regular,regular
955,2019-08-14,regular,regular
956,2019-08-15,regular,regular
957,2019-08-16,regular,regular
958,2019-08-17,weekend,weekend
959,2019-08-18,weekend,weekend
960,2019-08-19,regular,regular
961,2019-08-20,regular,regular
962,2019-08-21,regular,regular
963,2019-08-22,regular,regular
964,2019-08-23,regular,regular
965,2019-08-24,weekend,weekend
966,2019-08-25,weekend,weekend
967,2019-08-26,regular,regular
968,2019-08-27,regular,regular
969,2019-08-28,regular,regular
970,2019-08-29,regular,regular
971,2019-08-30,regular,regular
972,2019-08-31,weekend,weekend
973,2019-09-01,weekend,weekend
974,2019-09-02,regular,regular
975,2019-09-03,regular,regular
976,2019-09-04,regular,regular
977,2019-09-05,regular,regular
978,2019-09-06,regular,regular
979,2019-09-07,weekend,weekend
980,2019-09-08,weekend,weekend
981,2019-09-09,regular,regular
982,2019-09-10,regular,regular
983,2019-09-11,regular,regular
984,2019-09-12,regular,regular
985,2019-09-13,Mid-Autumn Festival,National holiday
986,2019-09-14,weekend,weekend
987,2019-09-15,weekend,weekend
988,2019-09-16,regular,regular
989,2019-09-17,regular,regular
990,2019-09-18,regular,regular
991,2019-09-19,regular,regular
992,2019-09-20,regular,regular
993,2019-09-21,weekend,weekend
994,2019-09-22,weekend,weekend
995,2019-09-23,regular,regular
996,2019-09-24,regular,regular
997,2019-09-25,regular,regular
998,2019-09-26,regular,regular
999,2019-09-27,regular,regular
1000,2019-09-28,weekend,weekend
1001,2019-09-29,weekend,weekend
1002,2019-09-30,regular,regular
1003,2019-10-01,regular,regular
1004,2019-10-02,regular,regular
1005,2019-10-03,regular,regular
1006,2019-10-04,regular,regular
1007,2019-10-05,weekend,weekend
1008,2019-10-06,weekend,weekend
1009,2019-10-07,regular,regular
1010,2019-10-08,regular,regular
1011,2019-10-09,regular,regular
1012,2019-10-10,National Day,National holiday
1013,2019-10-11,regular,regular
1014,2019-10-12,weekend,weekend
1015,2019-10-13,weekend,weekend
1016,2019-10-14,regular,regular
1017,2019-10-15,regular,regular
1018,2019-10-16,regular,regular
1019,2019-10-17,regular,regular
1020,2019-10-18,regular,regular
1021,2019-10-19,weekend,weekend
1022,2019-10-20,weekend,weekend
1023,2019-10-21,regular,regular
1024,2019-10-22,regular,regular
1025,2019-10-23,regular,regular
1026,2019-10-24,regular,regular
1027,2019-10-25,regular,regular
1028,2019-10-26,weekend,weekend
1029,2019-10-27,weekend,weekend
1030,2019-10-28,regular,regular
1031,2019-10-29,regular,regular
1032,2019-10-30,regular,regular
1033,2019-10-31,regular,regular
1034,2019-11-01,regular,regular
1035,2019-11-02,weekend,weekend
1036,2019-11-03,weekend,weekend
1037,2019-11-04,regular,regular
1038,2019-11-05,regular,regular
1039,2019-11-06,regular,regular
1040,2019-11-07,regular,regular
1041,2019-11-08,regular,regular
1042,2019-11-09,weekend,weekend
1043,2019-11-10,weekend,weekend
1044,2019-11-11,regular,regular
1045,2019-11-12,regular,regular
1046,2019-11-13,regular,regular
1047,2019-11-14,regular,regular
1048,2019-11-15,regular,regular
1049,2019-11-16,weekend,weekend
1050,2019-11-17,weekend,weekend
1051,2019-11-18,regular,regular
1052,2019-11-19,regular,regular
1053,2019-11-20,regular,regular
1054,2019-11-21,regular,regular
1055,2019-11-22,regular,regular
1056,2019-11-23,weekend,weekend
1057,2019-11-24,weekend,weekend
1058,2019-11-25,regular,regular
1059,2019-11-26,regular,regular
1060,2019-11-27,regular,regular
1061,2019-11-28,regular,regular
1062,2019-11-29,regular,regular
1063,2019-11-30,weekend,weekend
1064,2019-12-01,weekend,weekend
1065,2019-12-02,regular,regular
1066,2019-12-03,regular,regular
1067,2019-12-04,regular,regular
1068,2019-12-05,regular,regular
1069,2019-12-06,regular,regular
1070,2019-12-07,weekend,weekend
1071,2019-12-08,weekend,weekend
1072,2019-12-09,regular,regular
1073,2019-12-10,regular,regular
1074,2019-12-11,regular,regular
1075,2019-12-12,regular,regular
1076,2019-12-13,regular,regular
1077,2019-12-14,weekend,weekend
1078,2019-12-15,weekend,weekend
1079,2019-12-16,regular,regular
1080,2019-12-17,regular,regular
1081,2019-12-18,regular,regular
1082,2019-12-19,regular,regular
1083,2019-12-20,regular,regular
1084,2019-12-21,weekend,weekend
1085,2019-12-22,weekend,weekend
1086,2019-12-23,regular,regular
1087,2019-12-24,regular,regular
1088,2019-12-25,regular,regular
1089,2019-12-26,regular,regular
1090,2019-12-27,regular,regular
1091,2019-12-28,weekend,weekend
1092,2019-12-29,weekend,weekend
1093,2019-12-30,regular,regular
1094,2019-12-31,regular,regular
1095,2020-01-01,Republic Day/New Year's Day,National holiday
1096,2020-01-02,regular,regular
1097,2020-01-03,regular,regular
1098,2020-01-04,weekend,weekend
1099,2020-01-05,weekend,weekend
1100,2020-01-06,regular,regular
1101,2020-01-07,regular,regular
1102,2020-01-08,regular,regular
1103,2020-01-09,regular,regular
1104,2020-01-10,regular,regular
1105,2020-01-11,weekend,weekend
1106,2020-01-12,weekend,weekend
1107,2020-01-13,regular,regular
1108,2020-01-14,regular,regular
1109,2020-01-15,regular,regular
1110,2020-01-16,regular,regular
1111,2020-01-17,regular,regular
1112,2020-01-18,weekend,weekend
1113,2020-01-19,weekend,weekend
1114,2020-01-20,regular,regular
1115,2020-01-21,regular,regular
1116,2020-01-22,regular,regular
1117,2020-01-23,Chinese New Year Holiday,National holiday
1118,2020-01-24,Chinese New Year's Eve,National holiday
1119,2020-01-25,weekend,weekend
1120,2020-01-26,weekend,weekend
1121,2020-01-27,Chinese New Year Holiday,National holiday
1122,2020-01-28,Chinese New Year Holiday,National holiday
1123,2020-01-29,Chinese New Year Holiday,National holiday
1124,2020-01-30,regular,regular
1125,2020-01-31,regular,regular
1126,2020-02-01,weekend,weekend
1127,2020-02-02,weekend,weekend
1128,2020-02-03,regular,regular
1129,2020-02-04,regular,regular
1130,2020-02-05,regular,regular
1131,2020-02-06,regular,regular
1132,2020-02-07,regular,regular
1133,2020-02-08,weekend,weekend
1134,2020-02-09,weekend,weekend
1135,2020-02-10,regular,regular
1136,2020-02-11,regular,regular
1137,2020-02-12,regular,regular
1138,2020-02-13,regular,regular
1139,2020-02-14,regular,regular
1140,2020-02-15,weekend,weekend
1141,2020-02-16,weekend,weekend
1142,2020-02-17,regular,regular
1143,2020-02-18,regular,regular
1144,2020-02-19,regular,regular
1145,2020-02-20,regular,regular
1146,2020-02-21,regular,regular
1147,2020-02-22,weekend,weekend
1148,2020-02-23,weekend,weekend
1149,2020-02-24,regular,regular
1150,2020-02-25,regular,regular
1151,2020-02-26,regular,regular
1152,2020-02-27,regular,regular
1153,2020-02-28,Peace Memorial Day,National holiday
1154,2020-02-29,weekend,weekend
1155,2020-03-01,weekend,weekend
1156,2020-03-02,regular,regular
1157,2020-03-03,regular,regular
1158,2020-03-04,regular,regular
1159,2020-03-05,regular,regular
1160,2020-03-06,regular,regular
1161,2020-03-07,weekend,weekend
1162,2020-03-08,weekend,weekend
1163,2020-03-09,regular,regular
1164,2020-03-10,regular,regular
1165,2020-03-11,regular,regular
1166,2020-03-12,regular,regular
1167,2020-03-13,regular,regular
1168,2020-03-14,weekend,weekend
1169,2020-03-15,weekend,weekend
1170,2020-03-16,regular,regular
1171,2020-03-17,regular,regular
1172,2020-03-18,regular,regular
1173,2020-03-19,regular,regular
1174,2020-03-20,regular,regular
1175,2020-03-21,weekend,weekend
1176,2020-03-22,weekend,weekend
1177,2020-03-23,regular,regular
1178,2020-03-24,regular,regular
1179,2020-03-25,regular,regular
1180,2020-03-26,regular,regular
1181,2020-03-27,regular,regular
1182,2020-03-28,weekend,weekend
1183,2020-03-29,weekend,weekend
1184,2020-03-30,regular,regular
1185,2020-03-31,regular,regular
1186,2020-04-01,regular,regular
1187,2020-04-02,Children's Day Holiday,National holiday
1188,2020-04-03,Tomb Sweeping Day holiday,National holiday
1189,2020-04-04,weekend,weekend
1190,2020-04-05,weekend,weekend
1191,2020-04-06,regular,regular
1192,2020-04-07,regular,regular
1193,2020-04-08,regular,regular
1194,2020-04-09,regular,regular
1195,2020-04-10,regular,regular
1196,2020-04-11,weekend,weekend
1197,2020-04-12,weekend,weekend
1198,2020-04-13,regular,regular
1199,2020-04-14,regular,regular
1200,2020-04-15,regular,regular
1201,2020-04-16,regular,regular
1202,2020-04-17,regular,regular
1203,2020-04-18,weekend,weekend
1204,2020-04-19,weekend,weekend
1205,2020-04-20,regular,regular
1206,2020-04-21,regular,regular
1207,2020-04-22,regular,regular
1208,2020-04-23,regular,regular
1209,2020-04-24,regular,regular
1210,2020-04-25,weekend,weekend
1211,2020-04-26,weekend,weekend
1212,2020-04-27,regular,regular
1213,2020-04-28,regular,regular
1214,2020-04-29,regular,regular
1215,2020-04-30,regular,regular
1216,2020-05-01,regular,regular
1217,2020-05-02,weekend,weekend
1218,2020-05-03,weekend,weekend
1219,2020-05-04,regular,regular
1220,2020-05-05,regular,regular
1221,2020-05-06,regular,regular
1222,2020-05-07,regular,regular
1223,2020-05-08,regular,regular
1224,2020-05-09,weekend,weekend
1225,2020-05-10,weekend,weekend
1226,2020-05-11,regular,regular
1227,2020-05-12,regular,regular
1228,2020-05-13,regular,regular
1229,2020-05-14,regular,regular
1230,2020-05-15,regular,regular
1231,2020-05-16,weekend,weekend
1232,2020-05-17,weekend,weekend
1233,2020-05-18,regular,regular
1234,2020-05-19,regular,regular
1235,2020-05-20,regular,regular
1236,2020-05-21,regular,regular
1237,2020-05-22,regular,regular
1238,2020-05-23,weekend,weekend
1239,2020-05-24,weekend,weekend
1240,2020-05-25,regular,regular
1241,2020-05-26,regular,regular
1242,2020-05-27,regular,regular
1243,2020-05-28,regular,regular
1244,2020-05-29,regular,regular
1245,2020-05-30,weekend,weekend
1246,2020-05-31,weekend,weekend
1247,2020-06-01,regular,regular
1248,2020-06-02,regular,regular
1249,2020-06-03,regular,regular
1250,2020-06-04,regular,regular
1251,2020-06-05,regular,regular
1252,2020-06-06,weekend,weekend
1253,2020-06-07,weekend,weekend
1254,2020-06-08,regular,regular
1255,2020-06-09,regular,regular
1256,2020-06-10,regular,regular
1257,2020-06-11,regular,regular
1258,2020-06-12,regular,regular
1259,2020-06-13,weekend,weekend
1260,2020-06-14,weekend,weekend
1261,2020-06-15,regular,regular
1262,2020-06-16,regular,regular
1263,2020-06-17,regular,regular
1264,2020-06-18,regular,regular
1265,2020-06-19,regular,regular
1266,2020-06-20,weekend,weekend
1267,2020-06-21,weekend,weekend
1268,2020-06-22,regular,regular
1269,2020-06-23,regular,regular
1270,2020-06-24,regular,regular
1271,2020-06-25,Dragon Boat Festival,National holiday
1272,2020-06-26,Dragon Boat Festival holiday,National holiday
1273,2020-06-27,weekend,weekend
1274,2020-06-28,weekend,weekend
1275,2020-06-29,regular,regular
1276,2020-06-30,regular,regular
1277,2020-07-01,regular,regular
1278,2020-07-02,regular,regular
1279,2020-07-03,regular,regular
1280,2020-07-04,weekend,weekend
1281,2020-07-05,weekend,weekend
1282,2020-07-06,regular,regular
1283,2020-07-07,regular,regular
1284,2020-07-08,regular,regular
1285,2020-07-09,regular,regular
1286,2020-07-10,regular,regular
1287,2020-07-11,weekend,weekend
1288,2020-07-12,weekend,weekend
1289,2020-07-13,regular,regular
1290,2020-07-14,regular,regular
1291,2020-07-15,regular,regular
1292,2020-07-16,regular,regular
1293,2020-07-17,regular,regular
1294,2020-07-18,weekend,weekend
1295,2020-07-19,weekend,weekend
1296,2020-07-20,regular,regular
1297,2020-07-21,regular,regular
1298,2020-07-22,regular,regular
1299,2020-07-23,regular,regular
1300,2020-07-24,regular,regular
1301,2020-07-25,weekend,weekend
1302,2020-07-26,weekend,weekend
1303,2020-07-27,regular,regular
1304,2020-07-28,regular,regular
1305,2020-07-29,regular,regular
1306,2020-07-30,regular,regular
1307,2020-07-31,regular,regular
1308,2020-08-01,weekend,weekend
1309,2020-08-02,weekend,weekend
1310,2020-08-03,regular,regular
1311,2020-08-04,regular,regular
1312,2020-08-05,regular,regular
1313,2020-08-06,regular,regular
1314,2020-08-07,regular,regular
1315,2020-08-08,weekend,weekend
1316,2020-08-09,weekend,weekend
1317,2020-08-10,regular,regular
1318,2020-08-11,regular,regular
1319,2020-08-12,regular,regular
1320,2020-08-13,regular,regular
1321,2020-08-14,regular,regular
1322,2020-08-15,weekend,weekend
1323,2020-08-16,weekend,weekend
1324,2020-08-17,regular,regular
1325,2020-08-18,regular,regular
1326,2020-08-19,regular,regular
1327,2020-08-20,regular,regular
1328,2020-08-21,regular,regular
1329,2020-08-22,weekend,weekend
1330,2020-08-23,weekend,weekend
1331,2020-08-24,regular,regular
1332,2020-08-25,regular,regular
1333,2020-08-26,regular,regular
1334,2020-08-27,regular,regular
1335,2020-08-28,regular,regular
1336,2020-08-29,weekend,weekend
1337,2020-08-30,weekend,weekend
1338,2020-08-31,regular,regular
1339,2020-09-01,regular,regular
1340,2020-09-02,regular,regular
1341,2020-09-03,regular,regular
1342,2020-09-04,regular,regular
1343,2020-09-05,weekend,weekend
1344,2020-09-06,weekend,weekend
1345,2020-09-07,regular,regular
1346,2020-09-08,regular,regular
1347,2020-09-09,regular,regular
1348,2020-09-10,regular,regular
1349,2020-09-11,regular,regular
1350,2020-09-12,weekend,weekend
1351,2020-09-13,weekend,weekend
1352,2020-09-14,regular,regular
1353,2020-09-15,regular,regular
1354,2020-09-16,regular,regular
1355,2020-09-17,regular,regular
1356,2020-09-18,regular,regular
1357,2020-09-19,weekend,weekend
1358,2020-09-20,weekend,weekend
1359,2020-09-21,regular,regular
1360,2020-09-22,regular,regular
1361,2020-09-23,regular,regular
1362,2020-09-24,regular,regular
1363,2020-09-25,regular,regular
1364,2020-09-26,weekend,weekend
1365,2020-09-27,weekend,weekend
1366,2020-09-28,regular,regular
1367,2020-09-29,regular,regular
1368,2020-09-30,regular,regular
1369,2020-10-01,Mid-Autumn Festival,National holiday
1370,2020-10-02,Mid-Autumn Festival Holiday,National holiday
1371,2020-10-03,weekend,weekend
1372,2020-10-04,weekend,weekend
1373,2020-10-05,regular,regular
1374,2020-10-06,regular,regular
1375,2020-10-07,regular,regular
1376,2020-10-08,regular,regular
1377,2020-10-09,National Day observed,National holiday
1378,2020-10-10,weekend,weekend
1379,2020-10-11,weekend,weekend
1380,2020-10-12,regular,regular
1381,2020-10-13,regular,regular
1382,2020-10-14,regular,regular
1383,2020-10-15,regular,regular
1384,2020-10-16,regular,regular
1385,2020-10-17,weekend,weekend
1386,2020-10-18,weekend,weekend
1387,2020-10-19,regular,regular
1388,2020-10-20,regular,regular
1389,2020-10-21,regular,regular
1390,2020-10-22,regular,regular
1391,2020-10-23,regular,regular
1392,2020-10-24,weekend,weekend
1393,2020-10-25,weekend,weekend
1394,2020-10-26,regular,regular
1395,2020-10-27,regular,regular
1396,2020-10-28,regular,regular
1397,2020-10-29,regular,regular
1398,2020-10-30,regular,regular
1399,2020-10-31,weekend,weekend
1400,2020-11-01,weekend,weekend
1401,2020-11-02,regular,regular
1402,2020-11-03,regular,regular
1403,2020-11-04,regular,regular
1404,2020-11-05,regular,regular
1405,2020-11-06,regular,regular
1406,2020-11-07,weekend,weekend
1407,2020-11-08,weekend,weekend
1408,2020-11-09,regular,regular
1409,2020-11-10,regular,regular
1410,2020-11-11,regular,regular
1411,2020-11-12,regular,regular
1412,2020-11-13,regular,regular
1413,2020-11-14,weekend,weekend
1414,2020-11-15,weekend,weekend
1415,2020-11-16,regular,regular
1416,2020-11-17,regular,regular
1417,2020-11-18,regular,regular
1418,2020-11-19,regular,regular
1419,2020-11-20,regular,regular
1420,2020-11-21,weekend,weekend
1421,2020-11-22,weekend,weekend
1422,2020-11-23,regular,regular
1423,2020-11-24,regular,regular
1424,2020-11-25,regular,regular
1425,2020-11-26,regular,regular
1426,2020-11-27,regular,regular
1427,2020-11-28,weekend,weekend
1428,2020-11-29,weekend,weekend
1429,2020-11-30,regular,regular
1430,2020-12-01,regular,regular
1431,2020-12-02,regular,regular
1432,2020-12-03,regular,regular
1433,2020-12-04,regular,regular
1434,2020-12-05,weekend,weekend
1435,2020-12-06,weekend,weekend
1436,2020-12-07,regular,regular
1437,2020-12-08,regular,regular
1438,2020-12-09,regular,regular
1439,2020-12-10,regular,regular
1440,2020-12-11,regular,regular
1441,2020-12-12,weekend,weekend
1442,2020-12-13,weekend,weekend
1443,2020-12-14,regular,regular
1444,2020-12-15,regular,regular
1445,2020-12-16,regular,regular
1446,2020-12-17,regular,regular
1447,2020-12-18,regular,regular
1448,2020-12-19,weekend,weekend
1449,2020-12-20,weekend,weekend
1450,2020-12-21,regular,regular
1451,2020-12-22,regular,regular
1452,2020-12-23,regular,regular
1453,2020-12-24,regular,regular
1454,2020-12-25,regular,regular
1455,2020-12-26,weekend,weekend
1456,2020-12-27,weekend,weekend
1457,2020-12-28,regular,regular
1458,2020-12-29,regular,regular
1459,2020-12-30,regular,regular
1460,2020-12-31,regular,regular
1461,2021-01-01,Republic Day/New Year's Day,National holiday
1462,2021-01-02,weekend,weekend
1463,2021-01-03,weekend,weekend
1464,2021-01-04,regular,regular
1465,2021-01-05,regular,regular
1466,2021-01-06,regular,regular
1467,2021-01-07,regular,regular
1468,2021-01-08,regular,regular
1469,2021-01-09,weekend,weekend
1470,2021-01-10,weekend,weekend
1471,2021-01-11,regular,regular
1472,2021-01-12,regular,regular
1473,2021-01-13,regular,regular
1474,2021-01-14,regular,regular
1475,2021-01-15,regular,regular
1476,2021-01-16,weekend,weekend
1477,2021-01-17,weekend,weekend
1478,2021-01-18,regular,regular
1479,2021-01-19,regular,regular
1480,2021-01-20,regular,regular
1481,2021-01-21,regular,regular
1482,2021-01-22,regular,regular
1483,2021-01-23,weekend,weekend
1484,2021-01-24,weekend,weekend
1485,2021-01-25,regular,regular
1486,2021-01-26,regular,regular
1487,2021-01-27,regular,regular
1488,2021-01-28,regular,regular
1489,2021-01-29,regular,regular
1490,2021-01-30,weekend,weekend
1491,2021-01-31,weekend,weekend
1492,2021-02-01,regular,regular
1493,2021-02-02,regular,regular
1494,2021-02-03,regular,regular
1495,2021-02-04,regular,regular
1496,2021-02-05,regular,regular
1497,2021-02-06,weekend,weekend
1498,2021-02-07,weekend,weekend
1499,2021-02-08,regular,regular
1500,2021-02-09,regular,regular
1501,2021-02-10,Chinese New Year Holiday,National holiday
1502,2021-02-11,Chinese New Year's Eve,National holiday
1503,2021-02-12,Chinese New Year's Day,National holiday
1504,2021-02-13,weekend,weekend
1505,2021-02-14,weekend,weekend
1506,2021-02-15,Chinese New Year Holiday,National holiday
1507,2021-02-16,Chinese New Year Holiday,National holiday
1508,2021-02-17,regular,regular
1509,2021-02-18,regular,regular
1510,2021-02-19,regular,regular
1511,2021-02-20,weekend,weekend
1512,2021-02-21,weekend,weekend
1513,2021-02-22,regular,regular
1514,2021-02-23,regular,regular
1515,2021-02-24,regular,regular
1516,2021-02-25,regular,regular
1517,2021-02-26,regular,regular
1518,2021-02-27,weekend,weekend
1519,2021-02-28,weekend,weekend
1520,2021-03-01,Peace Memorial Day observed,National holiday
1521,2021-03-02,regular,regular
1522,2021-03-03,regular,regular
1523,2021-03-04,regular,regular
1524,2021-03-05,regular,regular
1525,2021-03-06,weekend,weekend
1526,2021-03-07,weekend,weekend
1527,2021-03-08,regular,regular
1528,2021-03-09,regular,regular
1529,2021-03-10,regular,regular
1530,2021-03-11,regular,regular
1531,2021-03-12,regular,regular
1532,2021-03-13,weekend,weekend
1533,2021-03-14,weekend,weekend
1534,2021-03-15,regular,regular
1535,2021-03-16,regular,regular
1536,2021-03-17,regular,regular
1537,2021-03-18,regular,regular
1538,2021-03-19,regular,regular
1539,2021-03-20,weekend,weekend
1540,2021-03-21,weekend,weekend
1541,2021-03-22,regular,regular
1542,2021-03-23,regular,regular
1543,2021-03-24,regular,regular
1544,2021-03-25,regular,regular
1545,2021-03-26,regular,regular
1546,2021-03-27,weekend,weekend
1547,2021-03-28,weekend,weekend
1548,2021-03-29,regular,regular
1549,2021-03-30,regular,regular
1550,2021-03-31,regular,regular
1551,2021-04-01,regular,regular
1552,2021-04-02,Children's Day,National holiday
1553,2021-04-03,weekend,weekend
1554,2021-04-04,weekend,weekend
1555,2021-04-05,Tomb Sweeping Day,National holiday
1556,2021-04-06,regular,regular
1557,2021-04-07,regular,regular
1558,2021-04-08,regular,regular
1559,2021-04-09,regular,regular
1560,2021-04-10,weekend,weekend
1561,2021-04-11,weekend,weekend
1562,2021-04-12,regular,regular
1563,2021-04-13,regular,regular
1564,2021-04-14,regular,regular
1565,2021-04-15,regular,regular
1566,2021-04-16,regular,regular
1567,2021-04-17,weekend,weekend
1568,2021-04-18,weekend,weekend
1569,2021-04-19,regular,regular
1570,2021-04-20,regular,regular
1571,2021-04-21,regular,regular
1572,2021-04-22,regular,regular
1573,2021-04-23,regular,regular
1574,2021-04-24,weekend,weekend
1575,2021-04-25,weekend,weekend
1576,2021-04-26,regular,regular
1577,2021-04-27,regular,regular
1578,2021-04-28,regular,regular
1579,2021-04-29,regular,regular
1580,2021-04-30,regular,regular
1581,2021-05-01,weekend,weekend
1582,2021-05-02,weekend,weekend
1583,2021-05-03,regular,regular
1584,2021-05-04,regular,regular
1585,2021-05-05,regular,regular
1586,2021-05-06,regular,regular
1587,2021-05-07,regular,regular
1588,2021-05-08,weekend,weekend
1589,2021-05-09,weekend,weekend
1590,2021-05-10,regular,regular
1591,2021-05-11,regular,regular
1592,2021-05-12,regular,regular
1593,2021-05-13,regular,regular
1594,2021-05-14,regular,regular
1595,2021-05-15,weekend,weekend
1596,2021-05-16,weekend,weekend
1597,2021-05-17,regular,regular
1598,2021-05-18,regular,regular
1599,2021-05-19,regular,regular
1600,2021-05-20,regular,regular
1601,2021-05-21,regular,regular
1602,2021-05-22,weekend,weekend
1603,2021-05-23,weekend,weekend
1604,2021-05-24,regular,regular
1605,2021-05-25,regular,regular
1606,2021-05-26,regular,regular
1607,2021-05-27,regular,regular
1608,2021-05-28,regular,regular
1609,2021-05-29,weekend,weekend
1610,2021-05-30,weekend,weekend
1611,2021-05-31,regular,regular
1612,2021-06-01,regular,regular
1613,2021-06-02,regular,regular
1614,2021-06-03,regular,regular
1615,2021-06-04,regular,regular
1616,2021-06-05,weekend,weekend
1617,2021-06-06,weekend,weekend
1618,2021-06-07,regular,regular
1619,2021-06-08,regular,regular
1620,2021-06-09,regular,regular
1621,2021-06-10,regular,regular
1622,2021-06-11,regular,regular
1623,2021-06-12,weekend,weekend
1624,2021-06-13,weekend,weekend
1625,2021-06-14,Dragon Boat Festival,National holiday
1626,2021-06-15,regular,regular
1627,2021-06-16,regular,regular
1628,2021-06-17,regular,regular
1629,2021-06-18,regular,regular
1630,2021-06-19,weekend,weekend
1631,2021-06-20,weekend,weekend
1632,2021-06-21,regular,regular
1633,2021-06-22,regular,regular
1634,2021-06-23,regular,regular
1635,2021-06-24,regular,regular
1636,2021-06-25,regular,regular
1637,2021-06-26,weekend,weekend
1638,2021-06-27,weekend,weekend
1639,2021-06-28,regular,regular
1640,2021-06-29,regular,regular
1641,2021-06-30,regular,regular
1642,2021-07-01,regular,regular
1643,2021-07-02,regular,regular
1644,2021-07-03,weekend,weekend
1645,2021-07-04,weekend,weekend
1646,2021-07-05,regular,regular
1647,2021-07-06,regular,regular
1648,2021-07-07,regular,regular
1649,2021-07-08,regular,regular
1650,2021-07-09,regular,regular
1651,2021-07-10,weekend,weekend
1652,2021-07-11,weekend,weekend
1653,2021-07-12,regular,regular
1654,2021-07-13,regular,regular
1655,2021-07-14,regular,regular
1656,2021-07-15,regular,regular
1657,2021-07-16,regular,regular
1658,2021-07-17,weekend,weekend
1659,2021-07-18,weekend,weekend
1660,2021-07-19,regular,regular
1661,2021-07-20,regular,regular
1662,2021-07-21,regular,regular
1663,2021-07-22,regular,regular
1664,2021-07-23,regular,regular
1665,2021-07-24,weekend,weekend
1666,2021-07-25,weekend,weekend
1667,2021-07-26,regular,regular
1668,2021-07-27,regular,regular
1669,2021-07-28,regular,regular
1670,2021-07-29,regular,regular
1671,2021-07-30,regular,regular
1672,2021-07-31,weekend,weekend
1673,2021-08-01,weekend,weekend
1674,2021-08-02,regular,regular
1675,2021-08-03,regular,regular
1676,2021-08-04,regular,regular
1677,2021-08-05,regular,regular
1678,2021-08-06,regular,regular
1679,2021-08-07,weekend,weekend
1680,2021-08-08,weekend,weekend
1681,2021-08-09,regular,regular
1682,2021-08-10,regular,regular
1683,2021-08-11,regular,regular
1684,2021-08-12,regular,regular
1685,2021-08-13,regular,regular
1686,2021-08-14,weekend,weekend
1687,2021-08-15,weekend,weekend
1688,2021-08-16,regular,regular
1689,2021-08-17,regular,regular
1690,2021-08-18,regular,regular
1691,2021-08-19,regular,regular
1692,2021-08-20,regular,regular
1693,2021-08-21,weekend,weekend
1694,2021-08-22,weekend,weekend
1695,2021-08-23,regular,regular
1696,2021-08-24,regular,regular
1697,2021-08-25,regular,regular
1698,2021-08-26,regular,regular
1699,2021-08-27,regular,regular
1700,2021-08-28,weekend,weekend
1701,2021-08-29,weekend,weekend
1702,2021-08-30,regular,regular
1703,2021-08-31,regular,regular
1704,2021-09-01,regular,regular
1705,2021-09-02,regular,regular
1706,2021-09-03,regular,regular
1707,2021-09-04,weekend,weekend
1708,2021-09-05,weekend,weekend
1709,2021-09-06,regular,regular
1710,2021-09-07,regular,regular
1711,2021-09-08,regular,regular
1712,2021-09-09,regular,regular
1713,2021-09-10,regular,regular
1714,2021-09-11,weekend,weekend
1715,2021-09-12,weekend,weekend
1716,2021-09-13,regular,regular
1717,2021-09-14,regular,regular
1718,2021-09-15,regular,regular
1719,2021-09-16,regular,regular
1720,2021-09-17,regular,regular
1721,2021-09-18,weekend,weekend
1722,2021-09-19,weekend,weekend
1723,2021-09-20,Mid-Autumn Festival,National holiday
1724,2021-09-21,Mid-Autumn Festival,National holiday
1725,2021-09-22,regular,regular
1726,2021-09-23,regular,regular
1727,2021-09-24,regular,regular
1728,2021-09-25,weekend,weekend
1729,2021-09-26,weekend,weekend
1730,2021-09-27,regular,regular
1731,2021-09-28,regular,regular
1732,2021-09-29,regular,regular
1733,2021-09-30,regular,regular
1734,2021-10-01,regular,regular
1735,2021-10-02,weekend,weekend
1736,2021-10-03,weekend,weekend
1737,2021-10-04,regular,regular
1738,2021-10-05,regular,regular
1739,2021-10-06,regular,regular
1740,2021-10-07,regular,regular
1741,2021-10-08,regular,regular
1742,2021-10-09,weekend,weekend
1743,2021-10-10,weekend,weekend
1744,2021-10-11,National Day observed,National holiday
1745,2021-10-12,regular,regular
1746,2021-10-13,regular,regular
1747,2021-10-14,regular,regular
1748,2021-10-15,regular,regular
1749,2021-10-16,weekend,weekend
1750,2021-10-17,weekend,weekend
1751,2021-10-18,regular,regular
1752,2021-10-19,regular,regular
1753,2021-10-20,regular,regular
1754,2021-10-21,regular,regular
1755,2021-10-22,regular,regular
1756,2021-10-23,weekend,weekend
1757,2021-10-24,weekend,weekend
1758,2021-10-25,regular,regular
1759,2021-10-26,regular,regular
1760,2021-10-27,regular,regular
1761,2021-10-28,regular,regular
1762,2021-10-29,regular,regular
1763,2021-10-30,weekend,weekend
1764,2021-10-31,weekend,weekend
1765,2021-11-01,regular,regular
1766,2021-11-02,regular,regular
1767,2021-11-03,regular,regular
1768,2021-11-04,regular,regular
1769,2021-11-05,regular,regular
1770,2021-11-06,weekend,weekend
1771,2021-11-07,weekend,weekend
1772,2021-11-08,regular,regular
1773,2021-11-09,regular,regular
1774,2021-11-10,regular,regular
1775,2021-11-11,regular,regular
1776,2021-11-12,regular,regular
1777,2021-11-13,weekend,weekend
1778,2021-11-14,weekend,weekend
1779,2021-11-15,regular,regular
1780,2021-11-16,regular,regular
1781,2021-11-17,regular,regular
1782,2021-11-18,regular,regular
1783,2021-11-19,regular,regular
1784,2021-11-20,weekend,weekend
1785,2021-11-21,weekend,weekend
1786,2021-11-22,regular,regular
1787,2021-11-23,regular,regular
1788,2021-11-24,regular,regular
1789,2021-11-25,regular,regular
1790,2021-11-26,regular,regular
1791,2021-11-27,weekend,weekend
1792,2021-11-28,weekend,weekend
1793,2021-11-29,regular,regular
1794,2021-11-30,regular,regular
1795,2021-12-01,regular,regular
1796,2021-12-02,regular,regular
1797,2021-12-03,regular,regular
1798,2021-12-04,weekend,weekend
1799,2021-12-05,weekend,weekend
1800,2021-12-06,regular,regular
1801,2021-12-07,regular,regular
1802,2021-12-08,regular,regular
1803,2021-12-09,regular,regular
1804,2021-12-10,regular,regular
1805,2021-12-11,weekend,weekend
1806,2021-12-12,weekend,weekend
1807,2021-12-13,regular,regular
1808,2021-12-14,regular,regular
1809,2021-12-15,regular,regular
1810,2021-12-16,regular,regular
1811,2021-12-17,regular,regular
1812,2021-12-18,weekend,weekend
1813,2021-12-19,weekend,weekend
1814,2021-12-20,regular,regular
1815,2021-12-21,regular,regular
1816,2021-12-22,regular,regular
1817,2021-12-23,regular,regular
1818,2021-12-24,regular,regular
1819,2021-12-25,weekend,weekend
1820,2021-12-26,weekend,weekend
1821,2021-12-27,regular,regular
1822,2021-12-28,regular,regular
1823,2021-12-29,regular,regular
1824,2021-12-30,regular,regular
1825,2021-12-31,regular,regular
